{"cameraMode":{"drawMode":0,"name":"Shaded","section":"Shading Mode"},"sceneLighting":true,"audioPlay":false,"sceneViewState":{"showFog":true,"showMaterialUpdate":false,"showSkybox":true,"showFlares":true,"showImageEffects":true,"showParticleSystems":true},"in2DMode":false,"pivot":{"x":-1.2920646667480469,"y":0.40209293365478518,"z":-4.753193378448486},"rotation":{"x":-0.23789000511169434,"y":-0.03001040406525135,"z":0.007353807333856821,"w":-0.9708005785942078},"size":14.860950469970704,"orthographic":false}